TrialID,PokeBall,Type,Successful
1,Ultra Ball,Bug,YES
2,Love Ball,Psychic,YES
3,Friend Ball,Poison,YES
4,Great Ball,Fairy,NO
5,Heavy Ball,Psychic,NO
6,Level Ball,Water,YES
7,Premier Ball,Fighting,YES
8,Moon Ball,Ice,NO
9,Poke Ball,Normal,YES
10,Fast Ball,Rock,NO
11,Moon Ball,Water,YES
12,Poke Ball,Grass,YES
13,Repeat Ball,Fairy,NO
14,Moon Ball,Fairy,NO
15,Sport Ball,Ghost,YES
16,Friend Ball,Rock,NO
17,Ultra Ball,Ice,YES
18,Love Ball,Rock,NO
19,Fast Ball,Fighting,YES
20,Friend Ball,Ice,YES
21,Fast Ball,Ground,YES
22,Master Ball,Psychic,YES
23,Safari Ball,Bug,YES
24,Poke Ball,Bug,NO
25,Sport Ball,Fighting,YES
26,Poke Ball,Fighting,YES
27,Ultra Ball,Ghost,NO
28,Premier Ball,Electric,NO
29,Lure Ball,Flying,YES
30,Fast Ball,Rock,NO
31,Sport Ball,Ghost,YES
32,Poke Ball,Fire,NO
33,Love Ball,Rock,NO
34,Ultra Ball,Fighting,NO
35,Love Ball,Flying,NO
36,Ultra Ball,Water,YES
37,Premier Ball,Ice,NO
38,Level Ball,Fighting,NO
39,Love Ball,Flying,YES
40,Repeat Ball,Poison,YES
41,Great Ball,Poison,NO
42,Premier Ball,Dragon,NO
43,Premier Ball,Dark,NO
44,Fast Ball,Fire,NO
45,Sport Ball,Fairy,NO
46,Lure Ball,Dragon,YES
47,Poke Ball,Electric,NO
48,Moon Ball,Fire,YES
49,Lure Ball,Fire,NO
50,Premier Ball,Rock,NO
51,Safari Ball,Fairy,YES
52,Heavy Ball,Ghost,NO
53,Poke Ball,Steel,YES
54,Premier Ball,Water,YES
55,Poke Ball,Fairy,NO
56,Level Ball,Poison,NO
57,Sport Ball,Fighting,YES
58,Premier Ball,Steel,NO
59,Premier Ball,Water,NO
60,Lure Ball,Normal,NO
61,Sport Ball,Water,YES
62,Friend Ball,Fighting,NO
63,Poke Ball,Fighting,NO
64,Friend Ball,Electric,YES
65,Level Ball,Flying,NO
66,Moon Ball,Fairy,NO
67,Love Ball,Ice,YES
68,Friend Ball,Ground,NO
69,Great Ball,Fighting,YES
70,Moon Ball,Fighting,YES
71,Heavy Ball,Dark,NO
72,Poke Ball,Normal,NO
73,Level Ball,Psychic,NO
74,Love Ball,Bug,YES
75,Friend Ball,Ghost,YES
76,Fast Ball,Water,NO
77,Great Ball,Steel,YES
78,Premier Ball,Ghost,YES
79,Love Ball,Bug,NO
80,Master Ball,Normal,YES
81,Fast Ball,Ghost,NO
82,Sport Ball,Water,NO
83,Repeat Ball,Fairy,YES
84,Fast Ball,Poison,YES
85,Heavy Ball,Dark,YES
86,Level Ball,Ice,YES
87,Great Ball,Rock,NO
88,Sport Ball,Fairy,NO
89,Lure Ball,Dark,NO
90,Love Ball,Ground,YES
91,Heavy Ball,Water,NO
92,Heavy Ball,Rock,YES
93,Sport Ball,Fighting,NO
94,Master Ball,Water,NO
95,Sport Ball,Ghost,YES
96,Love Ball,Ground,YES
97,Friend Ball,Flying,NO
98,Safari Ball,Normal,YES
99,Repeat Ball,Electric,NO
100,Lure Ball,Fairy,NO
101,Level Ball,Dark,NO
102,Friend Ball,Fairy,YES
103,Love Ball,Ground,YES
104,Love Ball,Electric,YES
105,Poke Ball,Ground,YES
106,Heavy Ball,Ice,YES
107,Love Ball,Steel,YES
108,Repeat Ball,Ice,NO
109,Moon Ball,Water,NO
110,Poke Ball,Fairy,NO
111,Safari Ball,Ground,YES
112,Moon Ball,Fire,NO
113,Heavy Ball,Bug,YES
114,Moon Ball,Rock,YES
115,Fast Ball,Psychic,YES
116,Level Ball,Normal,NO
117,Master Ball,Fighting,YES
118,Great Ball,Fighting,NO
119,Ultra Ball,Dark,YES
120,Master Ball,Fighting,YES
121,Fast Ball,Rock,NO
122,Fast Ball,Rock,NO
123,Great Ball,Ice,NO
124,Moon Ball,Dragon,YES
125,Level Ball,Dragon,YES
126,Fast Ball,Water,NO
127,Fast Ball,Fairy,YES
128,Friend Ball,Ghost,NO
129,Heavy Ball,Flying,YES
130,Safari Ball,Water,YES
131,Poke Ball,Rock,YES
132,Safari Ball,Fairy,NO
133,Lure Ball,Ghost,NO
134,Fast Ball,Flying,NO
135,Level Ball,Ground,NO
136,Premier Ball,Rock,NO
137,Poke Ball,Dark,YES
138,Heavy Ball,Steel,YES
139,Sport Ball,Ghost,YES
140,Ultra Ball,Dark,YES
141,Premier Ball,Ground,YES
142,Ultra Ball,Ghost,YES
143,Friend Ball,Flying,YES
144,Moon Ball,Electric,YES
145,Master Ball,Steel,YES
146,Fast Ball,Fighting,NO
147,Master Ball,Normal,YES
148,Heavy Ball,Flying,YES
149,Love Ball,Dragon,NO
150,Master Ball,Psychic,YES
151,Safari Ball,Grass,NO
152,Ultra Ball,Steel,NO
153,Poke Ball,Fire,YES
154,Friend Ball,Ghost,NO
155,Master Ball,Flying,NO
156,Repeat Ball,Poison,YES
157,Lure Ball,Steel,YES
158,Ultra Ball,Electric,YES
159,Great Ball,Normal,YES
160,Ultra Ball,Steel,YES
161,Friend Ball,Normal,NO
162,Premier Ball,Rock,YES
163,Love Ball,Dark,YES
164,Moon Ball,Fighting,NO
165,Heavy Ball,Psychic,NO
166,Premier Ball,Rock,NO
167,Lure Ball,Rock,NO
168,Master Ball,Dragon,YES
169,Master Ball,Ground,YES
170,Repeat Ball,Grass,NO
171,Sport Ball,Ground,NO
172,Ultra Ball,Electric,NO
173,Fast Ball,Fighting,NO
174,Safari Ball,Normal,NO
175,Fast Ball,Fire,NO
176,Poke Ball,Rock,NO
177,Heavy Ball,Fairy,NO
178,Lure Ball,Ice,NO
179,Great Ball,Grass,NO
180,Master Ball,Ghost,NO
181,Fast Ball,Bug,YES
182,Sport Ball,Normal,YES
183,Heavy Ball,Rock,NO
184,Lure Ball,Fire,YES
185,Level Ball,Poison,NO
186,Great Ball,Fighting,NO
187,Safari Ball,Ghost,NO
188,Premier Ball,Normal,YES
189,Safari Ball,Electric,YES
190,Premier Ball,Water,NO
191,Ultra Ball,Ice,NO
192,Heavy Ball,Dark,YES
193,Level Ball,Ghost,YES
194,Level Ball,Fighting,NO
195,Love Ball,Ghost,NO
196,Lure Ball,Steel,NO
197,Safari Ball,Psychic,YES
198,Moon Ball,Psychic,NO
199,Heavy Ball,Ghost,NO
200,Love Ball,Water,YES
201,Heavy Ball,Normal,YES
202,Lure Ball,Normal,NO
203,Ultra Ball,Bug,YES
204,Premier Ball,Psychic,NO
205,Lure Ball,Fire,NO
206,Love Ball,Normal,YES
207,Lure Ball,Psychic,YES
208,Heavy Ball,Grass,YES
209,Level Ball,Dragon,NO
210,Lure Ball,Dark,NO
211,Premier Ball,Fairy,YES
212,Fast Ball,Psychic,YES
213,Safari Ball,Ground,NO
214,Moon Ball,Ghost,YES
215,Repeat Ball,Ghost,NO
216,Great Ball,Ghost,NO
217,Sport Ball,Rock,NO
218,Lure Ball,Grass,NO
219,Great Ball,Rock,NO
220,Master Ball,Fire,YES
221,Sport Ball,Grass,YES
222,Great Ball,Bug,YES
223,Safari Ball,Poison,YES
224,Repeat Ball,Poison,YES
225,Premier Ball,Fairy,YES
226,Level Ball,Bug,YES
227,Great Ball,Grass,NO
228,Premier Ball,Electric,YES
229,Heavy Ball,Ghost,NO
230,Lure Ball,Steel,NO
231,Moon Ball,Poison,NO
232,Love Ball,Water,NO
233,Friend Ball,Fighting,NO
234,Lure Ball,Flying,YES
235,Poke Ball,Water,NO
236,Level Ball,Fire,YES
237,Heavy Ball,Steel,YES
238,Sport Ball,Dark,NO
239,Fast Ball,Fire,NO
240,Repeat Ball,Fighting,YES
241,Repeat Ball,Normal,NO
242,Ultra Ball,Grass,YES
243,Poke Ball,Dragon,NO
244,Love Ball,Water,YES
245,Ultra Ball,Flying,NO
246,Poke Ball,Dragon,NO
247,Repeat Ball,Ghost,YES
248,Great Ball,Grass,NO
249,Moon Ball,Dark,NO
250,Love Ball,Normal,YES
251,Friend Ball,Flying,YES
252,Friend Ball,Water,YES
253,Premier Ball,Grass,YES
254,Moon Ball,Flying,YES
255,Premier Ball,Ice,YES
256,Great Ball,Fighting,NO
257,Lure Ball,Bug,NO
258,Ultra Ball,Normal,YES
259,Safari Ball,Ground,YES
260,Poke Ball,Flying,NO
261,Heavy Ball,Steel,YES
262,Moon Ball,Flying,NO
263,Safari Ball,Grass,NO
264,Love Ball,Flying,NO
265,Heavy Ball,Water,NO
266,Friend Ball,Flying,NO
267,Love Ball,Flying,NO
268,Love Ball,Flying,NO
269,Level Ball,Psychic,NO
270,Poke Ball,Dark,NO
271,Love Ball,Ice,NO
272,Premier Ball,Electric,NO
273,Level Ball,Bug,YES
274,Heavy Ball,Ground,NO
275,Level Ball,Water,NO
276,Premier Ball,Water,YES
277,Poke Ball,Ground,NO
278,Repeat Ball,Rock,YES
279,Ultra Ball,Water,NO
280,Fast Ball,Dragon,NO
281,Moon Ball,Electric,YES
282,Master Ball,Dark,NO
283,Level Ball,Grass,NO
284,Repeat Ball,Water,YES
285,Premier Ball,Normal,NO
286,Fast Ball,Psychic,NO
287,Sport Ball,Ghost,NO
288,Lure Ball,Water,NO
289,Premier Ball,Bug,NO
290,Heavy Ball,Ground,YES
291,Great Ball,Poison,NO
292,Friend Ball,Steel,NO
293,Poke Ball,Water,NO
294,Heavy Ball,Normal,NO
295,Poke Ball,Fairy,YES
296,Premier Ball,Rock,NO
297,Safari Ball,Rock,YES
298,Moon Ball,Electric,YES
299,Love Ball,Ground,NO
300,Fast Ball,Ghost,NO
301,Heavy Ball,Ice,YES
302,Heavy Ball,Water,NO
303,Level Ball,Grass,NO
304,Friend Ball,Fairy,YES
305,Fast Ball,Fairy,NO
306,Repeat Ball,Fighting,NO
307,Lure Ball,Poison,NO
308,Safari Ball,Fairy,YES
309,Friend Ball,Poison,NO
310,Master Ball,Rock,YES
311,Poke Ball,Rock,NO
312,Level Ball,Water,NO
313,Love Ball,Fairy,NO
314,Fast Ball,Ghost,NO
315,Great Ball,Electric,NO
316,Moon Ball,Dark,YES
317,Repeat Ball,Psychic,NO
318,Love Ball,Normal,NO
319,Love Ball,Steel,NO
320,Moon Ball,Ghost,NO
321,Fast Ball,Fighting,NO
322,Ultra Ball,Fire,YES
323,Lure Ball,Grass,YES
324,Sport Ball,Steel,NO
325,Repeat Ball,Dragon,YES
326,Sport Ball,Electric,YES
327,Friend Ball,Fire,NO
328,Poke Ball,Psychic,YES
329,Ultra Ball,Psychic,YES
330,Love Ball,Dark,NO
331,Level Ball,Normal,NO
332,Poke Ball,Steel,YES
333,Ultra Ball,Dragon,YES
334,Repeat Ball,Steel,NO
335,Love Ball,Steel,NO
336,Great Ball,Ground,YES
337,Sport Ball,Grass,NO
338,Poke Ball,Psychic,NO
339,Poke Ball,Water,NO
340,Poke Ball,Ice,NO
341,Safari Ball,Fighting,NO
342,Friend Ball,Normal,YES
343,Level Ball,Bug,NO
344,Fast Ball,Psychic,YES
345,Fast Ball,Ice,YES
346,Ultra Ball,Electric,NO
347,Love Ball,Steel,YES
348,Moon Ball,Rock,YES
349,Poke Ball,Ice,YES
350,Repeat Ball,Ghost,NO
351,Master Ball,Dragon,NO
352,Friend Ball,Dragon,NO
353,Heavy Ball,Psychic,NO
354,Premier Ball,Dragon,NO
355,Premier Ball,Bug,NO
356,Poke Ball,Flying,NO
357,Lure Ball,Ice,YES
358,Heavy Ball,Ground,YES
359,Heavy Ball,Electric,YES
360,Master Ball,Steel,NO
361,Heavy Ball,Bug,NO
362,Great Ball,Ground,NO
363,Safari Ball,Grass,NO
364,Repeat Ball,Poison,NO
365,Moon Ball,Steel,YES
366,Premier Ball,Flying,NO
367,Heavy Ball,Ghost,YES
368,Master Ball,Steel,YES
369,Level Ball,Poison,YES
370,Friend Ball,Fairy,NO
371,Sport Ball,Normal,YES
372,Fast Ball,Steel,YES
373,Poke Ball,Ghost,NO
374,Ultra Ball,Dark,YES
375,Moon Ball,Normal,YES
376,Poke Ball,Normal,NO
377,Great Ball,Ground,YES
378,Sport Ball,Electric,NO
379,Love Ball,Ground,NO
380,Ultra Ball,Fire,YES
381,Level Ball,Dark,NO
382,Heavy Ball,Fire,NO
383,Friend Ball,Dragon,YES
384,Lure Ball,Electric,YES
385,Poke Ball,Steel,YES
386,Premier Ball,Water,NO
387,Heavy Ball,Ice,NO
388,Poke Ball,Dragon,YES
389,Repeat Ball,Ground,NO
390,Moon Ball,Steel,NO
391,Fast Ball,Grass,YES
392,Friend Ball,Ground,NO
393,Moon Ball,Poison,YES
394,Sport Ball,Dragon,NO
395,Heavy Ball,Electric,NO
396,Friend Ball,Fairy,NO
397,Heavy Ball,Electric,YES
398,Friend Ball,Ground,NO
399,Lure Ball,Normal,NO
400,Lure Ball,Flying,NO
401,Safari Ball,Fairy,NO
402,Ultra Ball,Dragon,NO
403,Friend Ball,Fairy,NO
404,Safari Ball,Fighting,NO
405,Master Ball,Dragon,NO
406,Poke Ball,Rock,NO
407,Fast Ball,Flying,NO
408,Repeat Ball,Grass,NO
409,Moon Ball,Ghost,NO
410,Level Ball,Steel,NO
411,Fast Ball,Dragon,NO
412,Love Ball,Normal,YES
413,Heavy Ball,Water,NO
414,Moon Ball,Fire,YES
415,Sport Ball,Dragon,YES
416,Safari Ball,Ground,NO
417,Poke Ball,Ice,YES
418,Great Ball,Flying,YES
419,Poke Ball,Ghost,NO
420,Lure Ball,Normal,YES
421,Poke Ball,Ground,NO
422,Great Ball,Dragon,NO
423,Ultra Ball,Dragon,YES
424,Love Ball,Fire,NO
425,Ultra Ball,Ground,YES
426,Heavy Ball,Fighting,NO
427,Master Ball,Dragon,YES
428,Repeat Ball,Dragon,NO
429,Master Ball,Bug,NO
430,Moon Ball,Steel,NO
431,Moon Ball,Fighting,NO
432,Repeat Ball,Rock,YES
433,Premier Ball,Dark,NO
434,Great Ball,Ghost,NO
435,Repeat Ball,Electric,NO
436,Poke Ball,Steel,YES
437,Friend Ball,Fairy,NO
438,Safari Ball,Ice,YES
439,Ultra Ball,Ground,NO
440,Great Ball,Ghost,NO
441,Sport Ball,Grass,YES
442,Sport Ball,Rock,YES
443,Safari Ball,Fairy,NO
444,Great Ball,Grass,NO
445,Lure Ball,Dark,NO
446,Master Ball,Fighting,YES
447,Love Ball,Water,YES
448,Great Ball,Electric,YES
449,Safari Ball,Fire,NO
450,Repeat Ball,Flying,NO
451,Heavy Ball,Dark,YES
452,Repeat Ball,Fairy,YES
453,Repeat Ball,Flying,YES
454,Friend Ball,Steel,NO
455,Sport Ball,Dark,NO
456,Love Ball,Water,NO
457,Moon Ball,Fighting,NO
458,Master Ball,Normal,YES
459,Sport Ball,Ghost,NO
460,Level Ball,Flying,YES
461,Love Ball,Fairy,YES
462,Repeat Ball,Flying,NO
463,Sport Ball,Normal,YES
464,Safari Ball,Ice,NO
465,Friend Ball,Flying,YES
466,Lure Ball,Electric,YES
467,Level Ball,Grass,YES
468,Friend Ball,Steel,NO
469,Fast Ball,Ground,NO
470,Friend Ball,Grass,YES
471,Moon Ball,Rock,NO
472,Level Ball,Water,NO
473,Master Ball,Ground,NO
474,Love Ball,Grass,YES
475,Level Ball,Rock,YES
476,Friend Ball,Poison,YES
477,Repeat Ball,Dragon,YES
478,Ultra Ball,Ground,NO
479,Safari Ball,Rock,YES
480,Lure Ball,Psychic,NO
481,Love Ball,Dragon,NO
482,Master Ball,Electric,YES
483,Lure Ball,Rock,NO
484,Level Ball,Electric,YES
485,Poke Ball,Water,NO
486,Poke Ball,Poison,YES
487,Ultra Ball,Electric,YES
488,Poke Ball,Poison,NO
489,Master Ball,Steel,YES
490,Love Ball,Dragon,NO
491,Sport Ball,Ghost,YES
492,Lure Ball,Poison,YES
493,Sport Ball,Ice,NO
494,Repeat Ball,Grass,NO
495,Ultra Ball,Grass,NO
496,Level Ball,Psychic,NO
497,Premier Ball,Dragon,NO
498,Repeat Ball,Psychic,YES
499,Great Ball,Ghost,YES
500,Fast Ball,Ghost,NO
501,Fast Ball,Water,NO
502,Safari Ball,Ice,NO
503,Poke Ball,Ghost,NO
504,Heavy Ball,Fighting,YES
505,Heavy Ball,Water,YES
506,Level Ball,Poison,YES
507,Sport Ball,Dragon,NO
508,Master Ball,Steel,NO
509,Great Ball,Ground,YES
510,Repeat Ball,Ground,NO
511,Moon Ball,Grass,YES
512,Level Ball,Electric,YES
513,Friend Ball,Grass,YES
514,Safari Ball,Fairy,NO
515,Master Ball,Water,YES
516,Safari Ball,Rock,YES
517,Sport Ball,Water,NO
518,Moon Ball,Fighting,NO
519,Repeat Ball,Flying,NO
520,Friend Ball,Ground,NO
521,Ultra Ball,Dragon,NO
522,Repeat Ball,Steel,NO
523,Master Ball,Psychic,YES
524,Heavy Ball,Flying,YES
525,Great Ball,Water,NO
526,Ultra Ball,Fairy,YES
527,Heavy Ball,Dark,NO
528,Fast Ball,Ghost,YES
529,Sport Ball,Ground,NO
530,Moon Ball,Fighting,NO
531,Great Ball,Bug,YES
532,Friend Ball,Ghost,NO
533,Repeat Ball,Normal,YES
534,Lure Ball,Normal,YES
535,Great Ball,Grass,NO
536,Fast Ball,Grass,NO
537,Friend Ball,Ice,YES
538,Great Ball,Dark,NO
539,Repeat Ball,Electric,YES
540,Master Ball,Rock,YES
541,Moon Ball,Water,YES
542,Love Ball,Normal,YES
543,Safari Ball,Fire,YES
544,Repeat Ball,Dark,YES
545,Repeat Ball,Poison,NO
546,Friend Ball,Rock,NO
547,Lure Ball,Electric,NO
548,Love Ball,Poison,NO
549,Lure Ball,Steel,NO
550,Friend Ball,Water,YES
551,Level Ball,Ground,YES
552,Lure Ball,Fighting,YES
553,Ultra Ball,Rock,YES
554,Fast Ball,Fire,YES
555,Level Ball,Bug,NO
556,Repeat Ball,Dragon,YES
557,Moon Ball,Grass,NO
558,Heavy Ball,Psychic,NO
559,Safari Ball,Poison,NO
560,Moon Ball,Grass,NO
561,Safari Ball,Psychic,NO
562,Lure Ball,Psychic,NO
563,Fast Ball,Ghost,NO
564,Level Ball,Water,YES
565,Great Ball,Ground,NO
566,Great Ball,Flying,YES
567,Moon Ball,Dark,NO
568,Moon Ball,Water,NO
569,Master Ball,Psychic,NO
570,Poke Ball,Psychic,NO
571,Repeat Ball,Fairy,YES
572,Lure Ball,Ground,NO
573,Ultra Ball,Steel,NO
574,Love Ball,Rock,YES
575,Lure Ball,Ghost,NO
576,Premier Ball,Bug,NO
577,Safari Ball,Water,NO
578,Lure Ball,Fairy,YES
579,Great Ball,Fire,NO
580,Great Ball,Fire,NO
581,Level Ball,Psychic,YES
582,Master Ball,Rock,YES
583,Sport Ball,Dark,NO
584,Fast Ball,Grass,YES
585,Great Ball,Water,NO
586,Sport Ball,Steel,NO
587,Repeat Ball,Fairy,NO
588,Safari Ball,Steel,YES
589,Lure Ball,Ground,NO
590,Master Ball,Rock,YES
591,Lure Ball,Bug,YES
592,Love Ball,Poison,YES
593,Moon Ball,Steel,NO
594,Master Ball,Fighting,YES
595,Great Ball,Bug,YES
596,Repeat Ball,Rock,YES
597,Moon Ball,Psychic,NO
598,Level Ball,Bug,YES
599,Premier Ball,Water,YES
600,Fast Ball,Bug,YES
601,Great Ball,Dragon,YES
602,Ultra Ball,Fairy,NO
603,Premier Ball,Ice,NO
604,Great Ball,Water,YES
605,Fast Ball,Fire,YES
606,Level Ball,Ground,NO
607,Great Ball,Steel,NO
608,Safari Ball,Dark,NO
609,Sport Ball,Flying,NO
610,Great Ball,Ghost,YES
611,Heavy Ball,Ice,YES
612,Safari Ball,Ghost,YES
613,Moon Ball,Poison,NO
614,Great Ball,Fire,NO
615,Love Ball,Poison,YES
616,Sport Ball,Fairy,YES
617,Great Ball,Steel,NO
618,Moon Ball,Dragon,NO
619,Sport Ball,Psychic,YES
620,Safari Ball,Dragon,NO
621,Sport Ball,Dark,NO
622,Heavy Ball,Dragon,YES
623,Premier Ball,Ground,NO
624,Lure Ball,Poison,NO
625,Level Ball,Rock,NO
626,Moon Ball,Fighting,YES
627,Fast Ball,Ice,YES
628,Moon Ball,Dark,NO
629,Moon Ball,Poison,YES
630,Great Ball,Psychic,NO
631,Poke Ball,Poison,NO
632,Level Ball,Dark,YES
633,Moon Ball,Psychic,YES
634,Level Ball,Ground,YES
635,Repeat Ball,Fire,NO
636,Repeat Ball,Dragon,NO
637,Premier Ball,Ghost,YES
638,Level Ball,Water,YES
639,Friend Ball,Dark,NO
640,Premier Ball,Ground,YES
641,Friend Ball,Water,YES
642,Safari Ball,Dragon,NO
643,Sport Ball,Normal,NO
644,Great Ball,Electric,YES
645,Safari Ball,Psychic,YES
646,Safari Ball,Normal,NO
647,Friend Ball,Fighting,YES
648,Premier Ball,Fire,NO
649,Heavy Ball,Fire,YES
650,Fast Ball,Fighting,YES
651,Love Ball,Flying,NO
652,Great Ball,Fighting,YES
653,Heavy Ball,Normal,NO
654,Moon Ball,Steel,YES
655,Poke Ball,Electric,YES
656,Safari Ball,Ghost,NO
657,Safari Ball,Psychic,NO
658,Premier Ball,Fighting,YES
659,Heavy Ball,Dragon,NO
660,Friend Ball,Dragon,NO
661,Safari Ball,Fairy,YES
662,Repeat Ball,Fighting,YES
663,Level Ball,Fairy,YES
664,Friend Ball,Fighting,YES
665,Premier Ball,Rock,NO
666,Safari Ball,Poison,YES
667,Heavy Ball,Grass,YES
668,Repeat Ball,Steel,YES
669,Fast Ball,Dragon,YES
670,Level Ball,Fire,NO
671,Sport Ball,Dragon,YES
672,Poke Ball,Psychic,NO
673,Ultra Ball,Bug,NO
674,Fast Ball,Dark,NO
675,Sport Ball,Ice,YES
676,Friend Ball,Steel,NO
677,Love Ball,Steel,YES
678,Friend Ball,Ground,NO
679,Love Ball,Rock,NO
680,Level Ball,Grass,NO
681,Great Ball,Dark,NO
682,Great Ball,Fire,NO
683,Love Ball,Ice,YES
684,Safari Ball,Dragon,NO
685,Great Ball,Fire,YES
686,Poke Ball,Electric,NO
687,Ultra Ball,Dark,NO
688,Safari Ball,Rock,NO
689,Level Ball,Fighting,YES
690,Moon Ball,Rock,NO
691,Level Ball,Water,YES
692,Ultra Ball,Bug,YES
693,Great Ball,Ghost,NO
694,Poke Ball,Steel,YES
695,Premier Ball,Dragon,NO
696,Poke Ball,Ground,NO
697,Ultra Ball,Grass,NO
698,Safari Ball,Normal,NO
699,Poke Ball,Fire,NO
700,Safari Ball,Psychic,NO
701,Ultra Ball,Flying,NO
702,Love Ball,Ghost,NO
703,Repeat Ball,Water,NO
704,Friend Ball,Grass,YES
705,Friend Ball,Poison,YES
706,Moon Ball,Rock,YES
707,Moon Ball,Bug,NO
708,Premier Ball,Rock,NO
709,Sport Ball,Flying,YES
710,Safari Ball,Psychic,YES
711,Poke Ball,Electric,NO
712,Ultra Ball,Normal,YES
713,Heavy Ball,Dragon,YES
714,Great Ball,Water,NO
715,Moon Ball,Fighting,YES
716,Repeat Ball,Water,NO
717,Ultra Ball,Electric,NO
718,Ultra Ball,Electric,YES
719,Sport Ball,Grass,YES
720,Safari Ball,Ground,NO
721,Heavy Ball,Psychic,NO
722,Love Ball,Rock,NO
723,Poke Ball,Poison,NO
724,Great Ball,Poison,NO
725,Sport Ball,Bug,YES
726,Poke Ball,Bug,NO
727,Safari Ball,Psychic,NO
728,Heavy Ball,Fairy,YES
729,Safari Ball,Psychic,YES
730,Repeat Ball,Steel,NO
731,Moon Ball,Fire,NO
732,Moon Ball,Normal,NO
733,Level Ball,Bug,NO
734,Love Ball,Fairy,NO
735,Sport Ball,Grass,NO
736,Fast Ball,Dark,NO
737,Ultra Ball,Water,YES
738,Poke Ball,Dark,YES
739,Level Ball,Poison,YES
740,Friend Ball,Dragon,YES
741,Friend Ball,Fairy,YES
742,Level Ball,Water,YES
743,Friend Ball,Psychic,NO
744,Heavy Ball,Ice,NO
745,Poke Ball,Ghost,YES
746,Fast Ball,Poison,YES
747,Sport Ball,Ghost,YES
748,Poke Ball,Water,NO
749,Poke Ball,Grass,YES
750,Fast Ball,Fairy,NO
751,Ultra Ball,Electric,NO
752,Moon Ball,Steel,YES
753,Safari Ball,Ghost,YES
754,Safari Ball,Dragon,YES
755,Level Ball,Fighting,YES
756,Poke Ball,Electric,NO
757,Master Ball,Bug,YES
758,Love Ball,Dragon,YES
759,Premier Ball,Water,NO
760,Heavy Ball,Rock,NO
761,Moon Ball,Steel,NO
762,Fast Ball,Rock,NO
763,Friend Ball,Water,NO
764,Level Ball,Normal,NO
765,Heavy Ball,Steel,YES
766,Premier Ball,Bug,NO
767,Ultra Ball,Normal,NO
768,Great Ball,Electric,NO
769,Safari Ball,Ice,YES
770,Repeat Ball,Psychic,NO
771,Safari Ball,Bug,YES
772,Lure Ball,Ground,NO
773,Poke Ball,Grass,NO
774,Lure Ball,Poison,NO
775,Love Ball,Bug,YES
776,Friend Ball,Electric,YES
777,Sport Ball,Fire,YES
778,Ultra Ball,Psychic,YES
779,Poke Ball,Normal,YES
780,Fast Ball,Poison,NO
781,Lure Ball,Normal,YES
782,Safari Ball,Psychic,NO
783,Safari Ball,Poison,NO
784,Repeat Ball,Flying,YES
785,Great Ball,Dragon,YES
786,Repeat Ball,Steel,YES
787,Moon Ball,Steel,YES
788,Friend Ball,Ice,NO
789,Premier Ball,Ground,NO
790,Master Ball,Ice,YES
791,Master Ball,Dragon,YES
792,Repeat Ball,Psychic,YES
793,Fast Ball,Fighting,YES
794,Lure Ball,Rock,NO
795,Fast Ball,Ice,NO
796,Friend Ball,Psychic,NO
797,Sport Ball,Ice,YES
798,Fast Ball,Ice,NO
799,Level Ball,Poison,NO
800,Friend Ball,Water,YES
801,Love Ball,Ice,NO
802,Lure Ball,Fire,YES
803,Master Ball,Ghost,YES
804,Premier Ball,Grass,NO
805,Premier Ball,Dragon,NO
806,Friend Ball,Poison,YES
807,Love Ball,Steel,NO
808,Level Ball,Ghost,YES
809,Heavy Ball,Ghost,NO
810,Premier Ball,Psychic,YES
811,Premier Ball,Grass,NO
812,Heavy Ball,Normal,NO
813,Safari Ball,Dragon,YES
814,Fast Ball,Dragon,NO
815,Level Ball,Normal,NO
816,Master Ball,Water,NO
817,Love Ball,Dragon,NO
818,Safari Ball,Dark,YES
819,Poke Ball,Dragon,NO
820,Friend Ball,Electric,NO
821,Master Ball,Ice,YES
822,Fast Ball,Rock,YES
823,Ultra Ball,Steel,NO
824,Repeat Ball,Ghost,NO
825,Moon Ball,Normal,YES
826,Heavy Ball,Flying,NO
827,Level Ball,Poison,YES
828,Master Ball,Fairy,YES
829,Premier Ball,Poison,NO
830,Moon Ball,Dark,NO
831,Fast Ball,Steel,YES
832,Friend Ball,Fairy,NO
833,Ultra Ball,Ghost,NO
834,Lure Ball,Poison,NO
835,Sport Ball,Rock,YES
836,Level Ball,Ice,NO
837,Love Ball,Electric,NO
838,Fast Ball,Psychic,YES
839,Friend Ball,Fighting,NO
840,Repeat Ball,Ice,NO
841,Heavy Ball,Dragon,YES
842,Level Ball,Ice,YES
843,Poke Ball,Bug,NO
844,Sport Ball,Rock,NO
845,Repeat Ball,Fighting,YES
846,Moon Ball,Bug,NO
847,Level Ball,Fighting,YES
848,Repeat Ball,Water,NO
849,Premier Ball,Grass,YES
850,Friend Ball,Rock,NO
851,Lure Ball,Psychic,NO
852,Premier Ball,Dragon,NO
853,Fast Ball,Grass,NO
854,Lure Ball,Ice,YES
855,Friend Ball,Ground,YES
856,Safari Ball,Bug,NO
857,Lure Ball,Fighting,NO
858,Repeat Ball,Fighting,NO
859,Moon Ball,Fighting,NO
860,Poke Ball,Rock,NO
861,Level Ball,Bug,YES
862,Heavy Ball,Dragon,YES
863,Premier Ball,Grass,NO
864,Moon Ball,Dark,NO
865,Heavy Ball,Normal,NO
866,Poke Ball,Fire,YES
867,Level Ball,Flying,YES
868,Level Ball,Fairy,YES
869,Fast Ball,Bug,YES
870,Moon Ball,Dark,NO
871,Love Ball,Fairy,YES
872,Fast Ball,Poison,YES
873,Heavy Ball,Psychic,NO
874,Poke Ball,Electric,YES
875,Safari Ball,Grass,NO
876,Sport Ball,Normal,NO
877,Poke Ball,Fairy,NO
878,Heavy Ball,Fighting,NO
879,Level Ball,Grass,YES
880,Ultra Ball,Flying,YES
881,Fast Ball,Electric,NO
882,Great Ball,Fighting,YES
883,Fast Ball,Poison,NO
884,Ultra Ball,Flying,NO
885,Level Ball,Flying,YES
886,Repeat Ball,Dragon,YES
887,Repeat Ball,Ice,NO
888,Lure Ball,Grass,NO
889,Premier Ball,Steel,NO
890,Fast Ball,Fire,YES
891,Sport Ball,Normal,YES
892,Sport Ball,Water,YES
893,Master Ball,Flying,YES
894,Love Ball,Psychic,NO
895,Friend Ball,Ghost,NO
896,Moon Ball,Bug,YES
897,Level Ball,Bug,NO
898,Fast Ball,Dark,YES
899,Lure Ball,Normal,NO
900,Repeat Ball,Bug,NO
901,Great Ball,Rock,YES
902,Lure Ball,Fighting,YES
903,Love Ball,Psychic,NO
904,Love Ball,Ground,NO
905,Ultra Ball,Ground,YES
906,Lure Ball,Water,YES
907,Great Ball,Fighting,NO
908,Repeat Ball,Ground,NO
909,Ultra Ball,Water,NO
910,Ultra Ball,Water,NO
911,Ultra Ball,Ground,NO
912,Sport Ball,Dragon,NO
913,Premier Ball,Poison,YES
914,Level Ball,Psychic,NO
915,Level Ball,Electric,YES
916,Premier Ball,Fire,NO
917,Sport Ball,Psychic,YES
918,Ultra Ball,Poison,NO
919,Safari Ball,Fighting,NO
920,Moon Ball,Poison,NO
921,Safari Ball,Fire,YES
922,Safari Ball,Psychic,NO
923,Heavy Ball,Ice,YES
924,Premier Ball,Fairy,YES
925,Poke Ball,Bug,NO
926,Great Ball,Steel,NO
927,Master Ball,Steel,YES
928,Lure Ball,Ghost,NO
929,Level Ball,Water,NO
930,Poke Ball,Bug,YES
931,Friend Ball,Fighting,NO
932,Repeat Ball,Ground,NO
933,Lure Ball,Rock,YES
934,Sport Ball,Dragon,YES
935,Ultra Ball,Water,NO
936,Repeat Ball,Poison,NO
937,Moon Ball,Dragon,NO
938,Poke Ball,Grass,YES
939,Love Ball,Ground,NO
940,Lure Ball,Dragon,NO
941,Repeat Ball,Electric,NO
942,Safari Ball,Ground,NO
943,Moon Ball,Electric,YES
944,Safari Ball,Grass,YES
945,Moon Ball,Bug,NO
946,Love Ball,Electric,YES
947,Fast Ball,Rock,NO
948,Fast Ball,Electric,YES
949,Level Ball,Poison,NO
950,Great Ball,Ground,NO
951,Poke Ball,Fairy,NO
952,Friend Ball,Fighting,NO
953,Friend Ball,Water,NO
954,Premier Ball,Fire,NO
955,Heavy Ball,Rock,YES
956,Sport Ball,Ice,YES
957,Lure Ball,Fire,NO
958,Poke Ball,Flying,NO
959,Friend Ball,Fire,YES
960,Premier Ball,Water,NO
961,Premier Ball,Rock,NO
962,Repeat Ball,Steel,YES
963,Master Ball,Grass,YES
964,Level Ball,Ice,NO
965,Moon Ball,Poison,NO
966,Master Ball,Fire,YES
967,Love Ball,Ground,YES
968,Friend Ball,Bug,NO
969,Great Ball,Rock,YES
970,Love Ball,Bug,NO
971,Lure Ball,Grass,YES
972,Poke Ball,Steel,NO
973,Sport Ball,Steel,NO
974,Fast Ball,Dark,NO
975,Love Ball,Rock,NO
976,Safari Ball,Psychic,YES
977,Premier Ball,Rock,NO
978,Master Ball,Poison,YES
979,Great Ball,Psychic,NO
980,Great Ball,Fighting,NO
981,Lure Ball,Fighting,NO
982,Fast Ball,Electric,YES
983,Poke Ball,Ice,NO
984,Safari Ball,Flying,NO
985,Repeat Ball,Ice,NO
986,Poke Ball,Dark,YES
987,Lure Ball,Steel,YES
988,Love Ball,Water,YES
989,Repeat Ball,Water,NO
990,Lure Ball,Fire,NO
991,Poke Ball,Ice,NO
992,Poke Ball,Flying,NO
993,Level Ball,Electric,YES
994,Moon Ball,Ghost,YES
995,Great Ball,Fairy,NO
996,Love Ball,Psychic,NO
997,Heavy Ball,Fire,YES
998,Friend Ball,Bug,NO
999,Level Ball,Ice,NO
1000,Sport Ball,Rock,NO
1001,Moon Ball,Bug,YES
1002,Premier Ball,Steel,NO
1003,Safari Ball,Normal,YES
1004,Premier Ball,Normal,YES
1005,Lure Ball,Fire,NO
1006,Fast Ball,Ghost,NO
1007,Level Ball,Water,NO
1008,Master Ball,Fire,YES
1009,Love Ball,Dark,YES
1010,Moon Ball,Ground,NO
1011,Level Ball,Ice,NO
1012,Ultra Ball,Dragon,NO
1013,Friend Ball,Electric,YES
1014,Heavy Ball,Water,YES
1015,Lure Ball,Water,YES
1016,Fast Ball,Ground,NO
1017,Safari Ball,Steel,NO
1018,Poke Ball,Flying,YES
1019,Ultra Ball,Bug,NO
1020,Friend Ball,Ground,NO
1021,Friend Ball,Normal,NO
1022,Level Ball,Steel,NO
1023,Safari Ball,Ground,NO
1024,Poke Ball,Fire,NO
1025,Great Ball,Dragon,NO
1026,Repeat Ball,Fire,YES
1027,Ultra Ball,Dragon,YES
1028,Great Ball,Ice,YES
1029,Premier Ball,Ground,NO
1030,Level Ball,Rock,NO
1031,Great Ball,Bug,YES
1032,Safari Ball,Steel,YES
1033,Sport Ball,Ghost,NO
1034,Moon Ball,Steel,YES
1035,Fast Ball,Steel,NO
1036,Moon Ball,Fairy,YES
1037,Level Ball,Electric,YES
1038,Fast Ball,Flying,NO
1039,Moon Ball,Grass,NO
1040,Fast Ball,Ground,YES
1041,Repeat Ball,Poison,NO
1042,Love Ball,Fighting,NO
1043,Fast Ball,Psychic,NO
1044,Love Ball,Flying,NO
1045,Premier Ball,Steel,YES
1046,Master Ball,Psychic,YES
1047,Love Ball,Bug,YES
1048,Premier Ball,Ground,NO
1049,Moon Ball,Ghost,NO
1050,Master Ball,Dragon,YES
1051,Fast Ball,Ice,YES
1052,Great Ball,Dragon,YES
1053,Level Ball,Rock,NO
1054,Ultra Ball,Dark,YES
1055,Repeat Ball,Psychic,NO
1056,Great Ball,Fire,YES
1057,Lure Ball,Fairy,NO
1058,Premier Ball,Ghost,NO
1059,Ultra Ball,Ghost,NO
1060,Great Ball,Psychic,NO
1061,Moon Ball,Flying,YES
1062,Master Ball,Poison,NO
1063,Heavy Ball,Poison,NO
1064,Lure Ball,Dragon,YES
1065,Repeat Ball,Fairy,YES
1066,Great Ball,Steel,NO
1067,Repeat Ball,Fairy,NO
1068,Repeat Ball,Ground,NO
1069,Safari Ball,Water,YES
1070,Premier Ball,Fire,NO
1071,Repeat Ball,Fairy,YES
1072,Premier Ball,Electric,NO
1073,Heavy Ball,Psychic,YES
1074,Ultra Ball,Poison,YES
1075,Fast Ball,Dragon,NO
1076,Lure Ball,Rock,NO
1077,Level Ball,Fire,YES
1078,Poke Ball,Fighting,NO
1079,Fast Ball,Psychic,YES
1080,Great Ball,Ground,NO
1081,Moon Ball,Ice,NO
1082,Friend Ball,Ghost,NO
1083,Lure Ball,Steel,YES
1084,Level Ball,Normal,NO
1085,Great Ball,Dark,NO
1086,Great Ball,Fire,NO
1087,Safari Ball,Grass,NO
1088,Safari Ball,Bug,NO
1089,Great Ball,Water,NO
1090,Great Ball,Fairy,YES
1091,Poke Ball,Grass,NO
1092,Fast Ball,Normal,NO
1093,Ultra Ball,Normal,YES
1094,Lure Ball,Fairy,NO
1095,Premier Ball,Flying,NO
1096,Premier Ball,Fighting,NO
1097,Sport Ball,Ground,NO
1098,Love Ball,Ghost,YES
1099,Heavy Ball,Fire,NO
1100,Poke Ball,Fairy,NO
1101,Premier Ball,Fairy,NO
1102,Sport Ball,Psychic,NO
1103,Moon Ball,Electric,NO
1104,Friend Ball,Ghost,NO
1105,Ultra Ball,Dragon,NO
1106,Master Ball,Ground,YES
1107,Safari Ball,Fairy,YES
1108,Repeat Ball,Steel,NO
1109,Great Ball,Fairy,NO
1110,Safari Ball,Ghost,NO
1111,Poke Ball,Dragon,NO
1112,Great Ball,Ghost,YES
1113,Premier Ball,Normal,NO
1114,Love Ball,Dark,YES
1115,Friend Ball,Dark,NO
1116,Ultra Ball,Electric,YES
1117,Friend Ball,Fire,NO
1118,Master Ball,Psychic,NO
1119,Heavy Ball,Psychic,NO
1120,Great Ball,Rock,YES
1121,Love Ball,Psychic,NO
1122,Level Ball,Poison,YES
1123,Lure Ball,Electric,YES
1124,Safari Ball,Water,NO
1125,Love Ball,Grass,YES
1126,Level Ball,Grass,YES
1127,Moon Ball,Bug,YES
1128,Love Ball,Flying,YES
1129,Friend Ball,Dark,YES
1130,Fast Ball,Ground,NO
1131,Friend Ball,Poison,NO
1132,Sport Ball,Grass,YES
1133,Ultra Ball,Bug,YES
1134,Friend Ball,Electric,YES
1135,Great Ball,Flying,NO
1136,Moon Ball,Rock,YES
1137,Master Ball,Rock,YES
1138,Friend Ball,Steel,YES
1139,Repeat Ball,Rock,YES
1140,Level Ball,Dragon,NO
1141,Heavy Ball,Fairy,NO
1142,Master Ball,Poison,NO
1143,Great Ball,Ice,YES
1144,Lure Ball,Bug,NO
1145,Fast Ball,Fairy,NO
1146,Repeat Ball,Ghost,YES
1147,Level Ball,Dragon,YES
1148,Ultra Ball,Flying,YES
1149,Level Ball,Rock,YES
1150,Heavy Ball,Steel,YES
1151,Friend Ball,Water,NO
1152,Safari Ball,Fairy,YES
1153,Moon Ball,Normal,YES
1154,Master Ball,Rock,YES
1155,Friend Ball,Steel,YES
1156,Repeat Ball,Psychic,NO
1157,Safari Ball,Rock,YES
1158,Level Ball,Steel,YES
1159,Friend Ball,Ground,NO
1160,Fast Ball,Electric,YES
1161,Fast Ball,Ice,YES
1162,Repeat Ball,Steel,YES
1163,Friend Ball,Psychic,YES
1164,Heavy Ball,Fire,YES
1165,Poke Ball,Grass,NO
1166,Ultra Ball,Fairy,YES
1167,Sport Ball,Electric,NO
1168,Level Ball,Fire,YES
1169,Love Ball,Water,YES
1170,Heavy Ball,Ghost,YES
1171,Heavy Ball,Grass,YES
1172,Repeat Ball,Normal,NO
1173,Love Ball,Psychic,NO
1174,Lure Ball,Grass,YES
1175,Moon Ball,Fire,YES
1176,Premier Ball,Electric,NO
1177,Sport Ball,Bug,NO
1178,Lure Ball,Water,YES
1179,Love Ball,Dark,NO
1180,Fast Ball,Dragon,YES
1181,Premier Ball,Bug,NO
1182,Friend Ball,Poison,NO
1183,Ultra Ball,Bug,YES
1184,Master Ball,Bug,YES
1185,Heavy Ball,Steel,YES
1186,Lure Ball,Grass,YES
1187,Fast Ball,Normal,YES
1188,Ultra Ball,Ground,YES
1189,Premier Ball,Bug,YES
1190,Ultra Ball,Ghost,YES
1191,Safari Ball,Normal,YES
1192,Friend Ball,Water,NO
1193,Poke Ball,Psychic,YES
1194,Sport Ball,Psychic,NO
1195,Sport Ball,Fighting,NO
1196,Sport Ball,Fire,YES
1197,Fast Ball,Flying,NO
1198,Fast Ball,Fighting,NO
1199,Friend Ball,Bug,NO
1200,Great Ball,Electric,YES
1201,Friend Ball,Ghost,YES
1202,Great Ball,Steel,NO
1203,Sport Ball,Steel,NO
1204,Sport Ball,Electric,YES
1205,Level Ball,Grass,YES
1206,Safari Ball,Bug,YES
1207,Great Ball,Normal,YES
1208,Love Ball,Electric,YES
1209,Safari Ball,Flying,NO
1210,Lure Ball,Water,NO
1211,Lure Ball,Ground,NO
1212,Poke Ball,Water,NO
1213,Fast Ball,Flying,YES
1214,Friend Ball,Ground,NO
1215,Level Ball,Ice,NO
1216,Level Ball,Ghost,YES
1217,Poke Ball,Ground,YES
1218,Friend Ball,Ice,NO
1219,Repeat Ball,Dark,YES
1220,Love Ball,Bug,NO
1221,Master Ball,Psychic,YES
1222,Premier Ball,Psychic,NO
1223,Moon Ball,Dark,NO
1224,Moon Ball,Fighting,YES
1225,Poke Ball,Dragon,NO
1226,Heavy Ball,Fire,NO
1227,Love Ball,Water,YES
1228,Repeat Ball,Fairy,YES
1229,Safari Ball,Fighting,NO
1230,Level Ball,Fairy,YES
1231,Master Ball,Ground,YES
1232,Great Ball,Psychic,NO
1233,Great Ball,Dark,YES
1234,Moon Ball,Grass,YES
1235,Ultra Ball,Fighting,YES
1236,Ultra Ball,Ground,YES
1237,Love Ball,Ghost,YES
1238,Lure Ball,Dark,YES
1239,Fast Ball,Dark,NO
1240,Sport Ball,Water,YES
1241,Love Ball,Bug,NO
1242,Heavy Ball,Bug,NO
1243,Poke Ball,Ghost,YES
1244,Moon Ball,Flying,NO
1245,Safari Ball,Dark,YES
1246,Ultra Ball,Steel,NO
1247,Heavy Ball,Fighting,NO
1248,Premier Ball,Electric,YES
1249,Lure Ball,Ice,YES
1250,Great Ball,Normal,NO
1251,Love Ball,Fairy,YES
1252,Heavy Ball,Bug,NO
1253,Sport Ball,Steel,YES
1254,Poke Ball,Water,YES
1255,Fast Ball,Bug,YES
1256,Lure Ball,Dragon,YES
1257,Level Ball,Steel,NO
1258,Heavy Ball,Grass,NO
1259,Love Ball,Psychic,YES
1260,Level Ball,Poison,YES
1261,Fast Ball,Fairy,NO
1262,Poke Ball,Water,YES
1263,Love Ball,Water,NO
1264,Fast Ball,Ghost,NO
1265,Moon Ball,Dragon,NO
1266,Great Ball,Dragon,YES
1267,Ultra Ball,Dark,NO
1268,Repeat Ball,Psychic,NO
1269,Master Ball,Rock,YES
1270,Master Ball,Fairy,YES
1271,Lure Ball,Grass,NO
1272,Lure Ball,Fighting,NO
1273,Love Ball,Psychic,NO
1274,Great Ball,Grass,NO
1275,Poke Ball,Poison,YES
1276,Heavy Ball,Dragon,YES
1277,Great Ball,Fairy,NO
1278,Level Ball,Flying,NO
1279,Friend Ball,Ice,NO
1280,Premier Ball,Bug,YES
1281,Level Ball,Rock,YES
1282,Premier Ball,Bug,NO
1283,Premier Ball,Ice,YES
1284,Level Ball,Ice,NO
1285,Heavy Ball,Electric,NO
1286,Poke Ball,Poison,NO
1287,Moon Ball,Grass,NO
1288,Level Ball,Psychic,NO
1289,Sport Ball,Steel,NO
1290,Ultra Ball,Flying,YES
1291,Master Ball,Water,NO
1292,Lure Ball,Dragon,NO
1293,Sport Ball,Electric,YES
1294,Level Ball,Steel,NO
1295,Poke Ball,Ground,YES
1296,Friend Ball,Electric,NO
1297,Repeat Ball,Fighting,NO
1298,Love Ball,Fairy,NO
1299,Moon Ball,Psychic,YES
1300,Sport Ball,Dragon,YES
1301,Safari Ball,Grass,NO
1302,Great Ball,Grass,NO
1303,Moon Ball,Bug,YES
1304,Premier Ball,Grass,NO
1305,Lure Ball,Water,YES
1306,Fast Ball,Fairy,YES
1307,Poke Ball,Normal,NO
1308,Fast Ball,Psychic,YES
1309,Level Ball,Electric,YES
1310,Fast Ball,Psychic,NO
1311,Fast Ball,Bug,YES
1312,Great Ball,Fire,NO
1313,Great Ball,Bug,NO
1314,Ultra Ball,Dark,NO
1315,Repeat Ball,Poison,YES
1316,Lure Ball,Ice,NO
1317,Safari Ball,Ghost,YES
1318,Repeat Ball,Steel,NO
1319,Friend Ball,Dark,YES
1320,Sport Ball,Ghost,YES
1321,Level Ball,Fighting,YES
1322,Friend Ball,Dragon,NO
1323,Friend Ball,Ghost,NO
1324,Sport Ball,Normal,NO
1325,Ultra Ball,Dark,YES
1326,Love Ball,Ice,NO
1327,Moon Ball,Rock,NO
1328,Friend Ball,Ground,YES
1329,Fast Ball,Ice,YES
1330,Sport Ball,Dragon,YES
1331,Master Ball,Fire,YES
1332,Heavy Ball,Steel,YES
1333,Premier Ball,Grass,NO
1334,Fast Ball,Poison,NO
1335,Moon Ball,Dark,YES
1336,Heavy Ball,Grass,NO
1337,Friend Ball,Steel,YES
1338,Ultra Ball,Fire,YES
1339,Great Ball,Dragon,YES
1340,Ultra Ball,Dark,NO
1341,Friend Ball,Dragon,NO
1342,Friend Ball,Fire,YES
1343,Lure Ball,Ghost,YES
1344,Master Ball,Dark,YES
1345,Sport Ball,Steel,NO
1346,Moon Ball,Rock,YES
1347,Lure Ball,Ice,NO
1348,Repeat Ball,Fighting,NO
1349,Moon Ball,Electric,YES
1350,Sport Ball,Grass,NO
1351,Lure Ball,Ghost,NO
1352,Master Ball,Ghost,NO
1353,Friend Ball,Fairy,NO
1354,Great Ball,Water,NO
1355,Repeat Ball,Steel,NO
1356,Moon Ball,Ghost,NO
1357,Fast Ball,Fairy,YES
1358,Sport Ball,Fairy,NO
1359,Safari Ball,Fighting,NO
1360,Master Ball,Fairy,YES
1361,Level Ball,Fighting,NO
1362,Master Ball,Grass,YES
1363,Fast Ball,Dark,NO
1364,Love Ball,Water,YES
1365,Poke Ball,Fire,YES
1366,Ultra Ball,Bug,YES
1367,Fast Ball,Electric,NO
1368,Master Ball,Ground,YES
1369,Sport Ball,Fighting,NO
1370,Repeat Ball,Electric,YES
1371,Great Ball,Fairy,NO
1372,Repeat Ball,Dark,YES
1373,Safari Ball,Bug,YES
1374,Fast Ball,Ice,YES
1375,Poke Ball,Flying,NO
1376,Ultra Ball,Fairy,NO
1377,Fast Ball,Ice,NO
1378,Sport Ball,Normal,YES
1379,Repeat Ball,Psychic,YES
1380,Lure Ball,Ground,NO
1381,Fast Ball,Poison,NO
1382,Fast Ball,Bug,NO
1383,Moon Ball,Rock,NO
1384,Love Ball,Fire,YES
1385,Ultra Ball,Psychic,NO
1386,Sport Ball,Normal,NO
1387,Moon Ball,Rock,NO
1388,Ultra Ball,Electric,NO
1389,Great Ball,Psychic,YES
1390,Ultra Ball,Psychic,YES
1391,Ultra Ball,Grass,YES
1392,Level Ball,Flying,NO
1393,Fast Ball,Fighting,NO
1394,Premier Ball,Grass,YES
1395,Lure Ball,Grass,NO
1396,Sport Ball,Ice,NO
1397,Ultra Ball,Fire,YES
1398,Love Ball,Water,YES
1399,Poke Ball,Rock,YES
1400,Great Ball,Ground,YES
1401,Sport Ball,Poison,NO
1402,Repeat Ball,Normal,YES
1403,Ultra Ball,Ghost,NO
1404,Level Ball,Fighting,YES
1405,Premier Ball,Electric,YES
1406,Level Ball,Grass,NO
1407,Heavy Ball,Dragon,NO
1408,Poke Ball,Rock,YES
1409,Great Ball,Ghost,YES
1410,Sport Ball,Poison,NO
1411,Poke Ball,Rock,YES
1412,Great Ball,Fairy,NO
1413,Safari Ball,Rock,YES
1414,Ultra Ball,Fairy,NO
1415,Friend Ball,Rock,NO
1416,Poke Ball,Ground,YES
1417,Ultra Ball,Poison,NO
1418,Lure Ball,Fire,YES
1419,Repeat Ball,Bug,NO
1420,Great Ball,Fairy,YES
1421,Friend Ball,Fire,NO
1422,Level Ball,Flying,YES
1423,Great Ball,Dark,NO
1424,Fast Ball,Ice,YES
1425,Fast Ball,Dark,YES
1426,Heavy Ball,Normal,NO
1427,Fast Ball,Electric,YES
1428,Heavy Ball,Fire,NO
1429,Fast Ball,Fire,YES
1430,Love Ball,Rock,NO
1431,Fast Ball,Psychic,YES
1432,Heavy Ball,Grass,YES
1433,Great Ball,Fire,YES
1434,Ultra Ball,Fighting,YES
1435,Poke Ball,Normal,NO
1436,Poke Ball,Fairy,YES
1437,Level Ball,Poison,YES
1438,Ultra Ball,Grass,YES
1439,Moon Ball,Fairy,NO
1440,Ultra Ball,Fairy,YES
1441,Poke Ball,Ghost,NO
1442,Heavy Ball,Fairy,NO
1443,Repeat Ball,Grass,YES
1444,Master Ball,Fire,NO
1445,Premier Ball,Ice,NO
1446,Lure Ball,Ghost,YES
1447,Fast Ball,Ghost,YES
1448,Master Ball,Fire,NO
1449,Sport Ball,Ice,NO
1450,Premier Ball,Normal,YES
1451,Great Ball,Rock,YES
1452,Level Ball,Ground,YES
1453,Lure Ball,Water,NO
1454,Safari Ball,Steel,YES
1455,Ultra Ball,Fighting,NO
1456,Poke Ball,Fairy,YES
1457,Repeat Ball,Steel,YES
1458,Great Ball,Water,NO
1459,Repeat Ball,Electric,NO
1460,Repeat Ball,Fairy,NO
1461,Ultra Ball,Rock,YES
1462,Premier Ball,Rock,YES
1463,Level Ball,Ice,YES
1464,Safari Ball,Normal,YES
1465,Friend Ball,Normal,YES
1466,Heavy Ball,Fire,NO
1467,Ultra Ball,Fire,YES
1468,Fast Ball,Grass,NO
1469,Poke Ball,Poison,NO
1470,Love Ball,Ghost,NO
1471,Love Ball,Psychic,NO
1472,Friend Ball,Dragon,NO
1473,Poke Ball,Bug,NO
1474,Repeat Ball,Ground,NO
1475,Love Ball,Poison,NO
1476,Moon Ball,Fighting,YES
1477,Sport Ball,Dark,YES
1478,Friend Ball,Rock,NO
1479,Repeat Ball,Fire,YES
1480,Level Ball,Rock,NO
1481,Love Ball,Poison,YES
1482,Sport Ball,Rock,YES
1483,Fast Ball,Bug,NO
1484,Repeat Ball,Fairy,NO
1485,Moon Ball,Grass,NO
1486,Poke Ball,Ghost,YES
1487,Master Ball,Psychic,YES
1488,Moon Ball,Water,NO
1489,Great Ball,Fighting,NO
1490,Sport Ball,Electric,NO
1491,Moon Ball,Fairy,YES
1492,Lure Ball,Electric,NO
1493,Moon Ball,Fire,YES
1494,Heavy Ball,Fire,YES
1495,Moon Ball,Fairy,NO
1496,Sport Ball,Bug,NO
1497,Sport Ball,Rock,NO
1498,Level Ball,Flying,YES
1499,Heavy Ball,Ice,NO
1500,Heavy Ball,Dragon,NO
1501,Lure Ball,Dragon,YES
1502,Poke Ball,Fighting,YES
1503,Heavy Ball,Water,NO
1504,Love Ball,Steel,NO
1505,Moon Ball,Flying,NO
1506,Safari Ball,Steel,NO
1507,Poke Ball,Flying,YES
1508,Friend Ball,Grass,YES
1509,Poke Ball,Fighting,NO
1510,Fast Ball,Normal,NO
1511,Love Ball,Poison,NO
1512,Friend Ball,Steel,NO
1513,Ultra Ball,Bug,YES
1514,Ultra Ball,Ghost,YES
1515,Fast Ball,Psychic,YES
1516,Master Ball,Grass,YES
1517,Love Ball,Grass,YES
1518,Sport Ball,Psychic,NO
1519,Ultra Ball,Normal,NO
1520,Fast Ball,Dark,NO
1521,Ultra Ball,Rock,NO
1522,Sport Ball,Bug,NO
1523,Ultra Ball,Fairy,YES
1524,Premier Ball,Normal,NO
1525,Great Ball,Fire,YES
1526,Moon Ball,Steel,YES
1527,Premier Ball,Fairy,YES
1528,Safari Ball,Steel,NO
1529,Great Ball,Normal,NO
1530,Sport Ball,Bug,YES
1531,Safari Ball,Flying,YES
1532,Moon Ball,Bug,NO
1533,Heavy Ball,Steel,YES
1534,Love Ball,Fighting,YES
1535,Repeat Ball,Grass,YES
1536,Sport Ball,Steel,NO
1537,Moon Ball,Bug,YES
1538,Heavy Ball,Poison,NO
1539,Friend Ball,Dark,YES
1540,Premier Ball,Poison,YES
1541,Ultra Ball,Electric,YES
1542,Master Ball,Normal,YES
1543,Level Ball,Normal,NO
1544,Repeat Ball,Flying,YES
1545,Repeat Ball,Bug,YES
1546,Great Ball,Bug,YES
1547,Love Ball,Ghost,YES
1548,Moon Ball,Dragon,YES
1549,Sport Ball,Dark,NO
1550,Lure Ball,Normal,NO
1551,Master Ball,Dark,NO
1552,Friend Ball,Bug,YES
1553,Great Ball,Poison,NO
1554,Repeat Ball,Poison,NO
1555,Fast Ball,Steel,YES
1556,Ultra Ball,Ice,NO
1557,Level Ball,Poison,YES
1558,Friend Ball,Electric,YES
1559,Safari Ball,Ice,NO
1560,Safari Ball,Psychic,YES
1561,Friend Ball,Steel,YES
1562,Safari Ball,Ghost,NO
1563,Lure Ball,Fire,YES
1564,Lure Ball,Poison,YES
1565,Lure Ball,Poison,YES
1566,Heavy Ball,Flying,NO
1567,Heavy Ball,Ground,NO
1568,Level Ball,Dragon,YES
1569,Heavy Ball,Dark,YES
1570,Repeat Ball,Grass,NO
1571,Repeat Ball,Fairy,NO
1572,Master Ball,Ice,YES
1573,Premier Ball,Dragon,NO
1574,Lure Ball,Electric,YES
1575,Level Ball,Normal,YES
1576,Heavy Ball,Electric,NO
1577,Poke Ball,Normal,NO
1578,Moon Ball,Poison,YES
1579,Poke Ball,Ice,NO
1580,Friend Ball,Normal,YES
1581,Sport Ball,Ghost,YES
1582,Moon Ball,Fairy,YES
1583,Love Ball,Water,YES
1584,Master Ball,Poison,NO
1585,Master Ball,Bug,NO
1586,Premier Ball,Normal,YES
1587,Master Ball,Dragon,YES
1588,Poke Ball,Electric,YES
1589,Poke Ball,Fairy,NO
1590,Moon Ball,Water,YES
1591,Lure Ball,Ground,YES
1592,Safari Ball,Fighting,NO
1593,Premier Ball,Fighting,NO
1594,Lure Ball,Fire,NO
1595,Moon Ball,Steel,NO
1596,Great Ball,Grass,NO
1597,Love Ball,Ground,YES
1598,Ultra Ball,Ground,YES
1599,Lure Ball,Flying,YES
1600,Premier Ball,Electric,NO
1601,Lure Ball,Ground,NO
1602,Heavy Ball,Ice,YES
1603,Safari Ball,Steel,NO
1604,Great Ball,Ghost,NO
1605,Heavy Ball,Fighting,NO
1606,Level Ball,Poison,YES
1607,Level Ball,Fighting,YES
1608,Master Ball,Fighting,YES
1609,Love Ball,Poison,NO
1610,Repeat Ball,Water,YES
1611,Repeat Ball,Ice,YES
1612,Safari Ball,Electric,NO
1613,Heavy Ball,Ground,NO
1614,Poke Ball,Dragon,NO
1615,Ultra Ball,Electric,YES
1616,Poke Ball,Steel,NO
1617,Safari Ball,Electric,YES
1618,Level Ball,Steel,NO
1619,Fast Ball,Dragon,YES
1620,Premier Ball,Ground,YES
1621,Poke Ball,Bug,NO
1622,Love Ball,Psychic,YES
1623,Premier Ball,Ground,NO
1624,Ultra Ball,Normal,NO
1625,Friend Ball,Flying,NO
1626,Fast Ball,Water,YES
1627,Lure Ball,Ground,YES
1628,Lure Ball,Ground,YES
1629,Poke Ball,Psychic,YES
1630,Moon Ball,Water,YES
1631,Master Ball,Water,YES
1632,Heavy Ball,Water,YES
1633,Heavy Ball,Fighting,NO
1634,Master Ball,Ghost,YES
1635,Great Ball,Dark,YES
1636,Friend Ball,Bug,NO
1637,Poke Ball,Electric,YES
1638,Repeat Ball,Poison,YES
1639,Heavy Ball,Normal,NO
1640,Friend Ball,Ice,YES
1641,Repeat Ball,Steel,YES
1642,Level Ball,Water,NO
1643,Premier Ball,Dragon,NO
1644,Heavy Ball,Dark,YES
1645,Friend Ball,Dark,YES
1646,Friend Ball,Fire,YES
1647,Repeat Ball,Fighting,NO
1648,Heavy Ball,Water,YES
1649,Love Ball,Dragon,NO
1650,Ultra Ball,Normal,NO
1651,Lure Ball,Steel,NO
1652,Fast Ball,Grass,NO
1653,Safari Ball,Fire,NO
1654,Level Ball,Steel,NO
1655,Ultra Ball,Ghost,NO
1656,Safari Ball,Rock,YES
1657,Sport Ball,Ground,NO
1658,Heavy Ball,Ice,NO
1659,Master Ball,Psychic,NO
1660,Great Ball,Normal,YES
1661,Heavy Ball,Ice,NO
1662,Friend Ball,Bug,YES
1663,Premier Ball,Grass,NO
1664,Poke Ball,Steel,YES
1665,Sport Ball,Flying,NO
1666,Safari Ball,Dragon,NO
1667,Moon Ball,Fire,NO
1668,Heavy Ball,Grass,NO
1669,Sport Ball,Bug,NO
1670,Fast Ball,Ghost,YES
1671,Love Ball,Ghost,NO
1672,Poke Ball,Ghost,NO
1673,Safari Ball,Electric,NO
1674,Heavy Ball,Dragon,YES
1675,Ultra Ball,Bug,YES
1676,Friend Ball,Rock,NO
1677,Sport Ball,Dragon,YES
1678,Moon Ball,Fighting,YES
1679,Heavy Ball,Dark,NO
1680,Lure Ball,Fire,YES
1681,Love Ball,Fire,YES
1682,Repeat Ball,Electric,NO
1683,Moon Ball,Psychic,NO
1684,Moon Ball,Dark,NO
1685,Poke Ball,Ghost,NO
1686,Safari Ball,Ground,YES
1687,Ultra Ball,Dragon,NO
1688,Great Ball,Electric,YES
1689,Heavy Ball,Psychic,NO
1690,Great Ball,Dragon,NO
1691,Master Ball,Poison,YES
1692,Ultra Ball,Steel,NO
1693,Poke Ball,Fire,YES
1694,Master Ball,Steel,YES
1695,Master Ball,Ice,YES
1696,Lure Ball,Poison,NO
1697,Ultra Ball,Dark,YES
1698,Moon Ball,Rock,NO
1699,Ultra Ball,Electric,NO
1700,Ultra Ball,Psychic,YES
1701,Love Ball,Fighting,YES
1702,Heavy Ball,Fire,NO
1703,Love Ball,Psychic,NO
1704,Friend Ball,Water,NO
1705,Premier Ball,Dragon,YES
1706,Poke Ball,Rock,YES
1707,Premier Ball,Bug,YES
1708,Friend Ball,Rock,YES
1709,Friend Ball,Bug,YES
1710,Ultra Ball,Poison,YES
1711,Premier Ball,Rock,YES
1712,Friend Ball,Water,YES
1713,Lure Ball,Fire,NO
1714,Ultra Ball,Ice,YES
1715,Repeat Ball,Ground,YES
1716,Repeat Ball,Normal,YES
1717,Safari Ball,Flying,NO
1718,Level Ball,Flying,NO
1719,Fast Ball,Ground,YES
1720,Repeat Ball,Ice,NO
1721,Friend Ball,Ghost,YES
1722,Love Ball,Ghost,YES
1723,Lure Ball,Ground,NO
1724,Poke Ball,Dragon,YES
1725,Lure Ball,Poison,YES
1726,Premier Ball,Ground,NO
1727,Master Ball,Poison,NO
1728,Repeat Ball,Ice,YES
1729,Heavy Ball,Ghost,NO
1730,Love Ball,Grass,YES
1731,Repeat Ball,Psychic,NO
1732,Premier Ball,Ghost,NO
1733,Fast Ball,Water,YES
1734,Repeat Ball,Ghost,YES
1735,Poke Ball,Ground,NO
1736,Heavy Ball,Electric,NO
1737,Master Ball,Fighting,YES
1738,Great Ball,Ghost,NO
1739,Moon Ball,Ground,YES
1740,Poke Ball,Normal,YES
1741,Friend Ball,Dragon,NO
1742,Safari Ball,Psychic,NO
1743,Heavy Ball,Dragon,NO
1744,Lure Ball,Electric,NO
1745,Sport Ball,Electric,NO
1746,Love Ball,Rock,NO
1747,Great Ball,Bug,YES
1748,Master Ball,Grass,NO
1749,Friend Ball,Fire,NO
1750,Premier Ball,Water,YES
1751,Moon Ball,Psychic,NO
1752,Love Ball,Flying,YES
1753,Heavy Ball,Psychic,NO
1754,Level Ball,Dark,NO
1755,Moon Ball,Dragon,NO
1756,Friend Ball,Fighting,NO
1757,Lure Ball,Ghost,YES
1758,Heavy Ball,Poison,YES
1759,Friend Ball,Grass,YES
1760,Level Ball,Ice,NO
1761,Great Ball,Dragon,YES
1762,Friend Ball,Normal,NO
1763,Premier Ball,Rock,YES
1764,Fast Ball,Electric,YES
1765,Heavy Ball,Dark,YES
1766,Heavy Ball,Fighting,NO
1767,Great Ball,Bug,YES
1768,Poke Ball,Dragon,NO
1769,Ultra Ball,Ghost,NO
1770,Friend Ball,Fairy,NO
1771,Repeat Ball,Fighting,NO
1772,Friend Ball,Fairy,YES
1773,Friend Ball,Psychic,NO
1774,Repeat Ball,Fairy,YES
1775,Great Ball,Poison,YES
1776,Fast Ball,Poison,YES
1777,Fast Ball,Grass,YES
1778,Repeat Ball,Rock,YES
1779,Moon Ball,Water,YES
1780,Poke Ball,Fire,NO
1781,Heavy Ball,Fighting,YES
1782,Premier Ball,Dark,YES
1783,Ultra Ball,Rock,YES
1784,Moon Ball,Grass,NO
1785,Poke Ball,Rock,NO
1786,Repeat Ball,Ice,NO
1787,Repeat Ball,Ground,NO
1788,Master Ball,Normal,YES
1789,Repeat Ball,Steel,NO
1790,Repeat Ball,Ghost,YES
1791,Heavy Ball,Fairy,YES
1792,Lure Ball,Rock,NO
1793,Premier Ball,Rock,NO
1794,Love Ball,Fairy,YES
1795,Poke Ball,Poison,NO
1796,Fast Ball,Poison,NO
1797,Poke Ball,Electric,NO
1798,Moon Ball,Flying,YES
1799,Moon Ball,Psychic,YES
1800,Level Ball,Ice,NO
1801,Great Ball,Normal,YES
1802,Sport Ball,Fighting,YES
1803,Safari Ball,Fighting,NO
1804,Lure Ball,Fire,NO
1805,Heavy Ball,Ghost,NO
1806,Heavy Ball,Poison,NO
1807,Heavy Ball,Dark,NO
1808,Master Ball,Grass,YES
1809,Heavy Ball,Water,YES
1810,Premier Ball,Normal,YES
1811,Safari Ball,Fighting,YES
1812,Sport Ball,Water,NO
1813,Friend Ball,Steel,NO
1814,Level Ball,Psychic,NO
1815,Friend Ball,Ice,YES
1816,Premier Ball,Normal,NO
1817,Heavy Ball,Poison,NO
1818,Level Ball,Dark,YES
1819,Master Ball,Psychic,NO
1820,Heavy Ball,Fighting,NO
1821,Lure Ball,Psychic,YES
1822,Moon Ball,Electric,YES
1823,Love Ball,Bug,NO
1824,Master Ball,Electric,YES
1825,Love Ball,Fighting,NO
1826,Sport Ball,Flying,NO
1827,Moon Ball,Bug,YES
1828,Sport Ball,Water,NO
1829,Moon Ball,Steel,NO
1830,Moon Ball,Ground,NO
1831,Lure Ball,Poison,YES
1832,Poke Ball,Fairy,YES
1833,Moon Ball,Poison,NO
1834,Moon Ball,Fighting,NO
1835,Great Ball,Ghost,YES
1836,Love Ball,Ghost,NO
1837,Heavy Ball,Water,YES
1838,Friend Ball,Water,NO
1839,Master Ball,Dragon,YES
1840,Ultra Ball,Water,YES
1841,Repeat Ball,Fighting,YES
1842,Fast Ball,Psychic,NO
1843,Repeat Ball,Fire,NO
1844,Ultra Ball,Dark,NO
1845,Safari Ball,Fire,NO
1846,Premier Ball,Fire,NO
1847,Love Ball,Steel,YES
1848,Poke Ball,Fairy,NO
1849,Fast Ball,Fighting,NO
1850,Safari Ball,Fire,NO
1851,Repeat Ball,Flying,NO
1852,Safari Ball,Ice,NO
1853,Fast Ball,Rock,NO
1854,Heavy Ball,Dark,YES
1855,Safari Ball,Water,NO
1856,Great Ball,Steel,NO
1857,Level Ball,Rock,YES
1858,Ultra Ball,Normal,NO
1859,Sport Ball,Rock,NO
1860,Level Ball,Flying,NO
1861,Safari Ball,Ice,YES
1862,Premier Ball,Flying,YES
1863,Lure Ball,Ghost,YES
1864,Fast Ball,Dragon,NO
1865,Great Ball,Ghost,YES
1866,Fast Ball,Psychic,NO
1867,Master Ball,Flying,NO
1868,Master Ball,Bug,NO
1869,Ultra Ball,Flying,YES
1870,Level Ball,Psychic,NO
1871,Moon Ball,Psychic,YES
1872,Friend Ball,Ice,NO
1873,Great Ball,Water,YES
1874,Ultra Ball,Fairy,NO
1875,Heavy Ball,Dragon,NO
1876,Sport Ball,Ground,YES
1877,Repeat Ball,Dark,YES
1878,Heavy Ball,Ice,NO
1879,Safari Ball,Fire,NO
1880,Fast Ball,Ground,NO
1881,Level Ball,Dark,YES
1882,Heavy Ball,Dark,YES
1883,Ultra Ball,Bug,YES
1884,Ultra Ball,Electric,NO
1885,Fast Ball,Steel,NO
1886,Friend Ball,Rock,NO
1887,Poke Ball,Ground,NO
1888,Heavy Ball,Fire,NO
1889,Heavy Ball,Bug,NO
1890,Poke Ball,Poison,NO
1891,Safari Ball,Water,NO
1892,Great Ball,Water,YES
1893,Repeat Ball,Electric,YES
1894,Heavy Ball,Bug,YES
1895,Poke Ball,Rock,NO
1896,Premier Ball,Steel,YES
1897,Poke Ball,Psychic,NO
1898,Heavy Ball,Ice,NO
1899,Repeat Ball,Water,YES
1900,Repeat Ball,Dragon,YES
1901,Ultra Ball,Poison,NO
1902,Premier Ball,Psychic,NO
1903,Lure Ball,Normal,NO
1904,Moon Ball,Fairy,NO
1905,Moon Ball,Dragon,YES
1906,Safari Ball,Fighting,YES
1907,Poke Ball,Grass,YES
1908,Love Ball,Rock,NO
1909,Level Ball,Bug,NO
1910,Premier Ball,Water,YES
1911,Friend Ball,Water,NO
1912,Great Ball,Electric,YES
1913,Lure Ball,Rock,NO
1914,Repeat Ball,Bug,YES
1915,Poke Ball,Water,NO
1916,Master Ball,Normal,YES
1917,Safari Ball,Steel,YES
1918,Friend Ball,Grass,NO
1919,Safari Ball,Poison,NO
1920,Safari Ball,Electric,NO
1921,Great Ball,Bug,YES
1922,Heavy Ball,Ice,NO
1923,Master Ball,Normal,YES
1924,Sport Ball,Flying,NO
1925,Great Ball,Fighting,NO
1926,Safari Ball,Ghost,YES
1927,Ultra Ball,Fighting,NO
1928,Lure Ball,Rock,NO
1929,Ultra Ball,Steel,NO
1930,Ultra Ball,Flying,NO
1931,Great Ball,Fairy,NO
1932,Friend Ball,Water,YES
1933,Ultra Ball,Water,NO
1934,Great Ball,Ice,YES
1935,Friend Ball,Ground,NO
1936,Poke Ball,Dark,NO
1937,Poke Ball,Rock,NO
1938,Moon Ball,Fighting,NO
1939,Sport Ball,Fighting,NO
1940,Sport Ball,Ice,YES
1941,Love Ball,Ice,NO
1942,Fast Ball,Bug,YES
1943,Premier Ball,Dark,NO
1944,Love Ball,Grass,YES
1945,Repeat Ball,Psychic,NO
1946,Fast Ball,Bug,NO
1947,Repeat Ball,Water,YES
1948,Heavy Ball,Bug,YES
1949,Premier Ball,Ice,NO
1950,Friend Ball,Dark,YES
1951,Master Ball,Dragon,NO
1952,Repeat Ball,Psychic,NO
1953,Poke Ball,Bug,YES
1954,Level Ball,Flying,NO
1955,Level Ball,Electric,NO
1956,Moon Ball,Electric,NO
1957,Great Ball,Normal,YES
1958,Fast Ball,Psychic,NO
1959,Sport Ball,Normal,YES
1960,Repeat Ball,Fire,NO
1961,Lure Ball,Fighting,NO
1962,Great Ball,Flying,NO
1963,Poke Ball,Electric,YES
1964,Great Ball,Dragon,YES
1965,Lure Ball,Rock,YES
1966,Friend Ball,Ground,YES
1967,Premier Ball,Ground,YES
1968,Master Ball,Ghost,YES
1969,Great Ball,Fire,YES
1970,Level Ball,Ground,YES
1971,Sport Ball,Rock,NO
1972,Safari Ball,Ice,NO
1973,Friend Ball,Ground,NO
1974,Safari Ball,Psychic,YES
1975,Poke Ball,Fire,YES
1976,Love Ball,Dragon,NO
1977,Moon Ball,Steel,YES
1978,Love Ball,Ice,YES
1979,Sport Ball,Dragon,YES
1980,Friend Ball,Normal,YES
1981,Lure Ball,Grass,NO
1982,Safari Ball,Psychic,YES
1983,Lure Ball,Ghost,YES
1984,Sport Ball,Water,NO
1985,Premier Ball,Bug,YES
1986,Fast Ball,Dark,NO
1987,Ultra Ball,Fairy,YES
1988,Friend Ball,Grass,YES
1989,Great Ball,Poison,NO
1990,Friend Ball,Ground,NO
1991,Level Ball,Dark,NO
1992,Master Ball,Fairy,NO
1993,Great Ball,Grass,YES
1994,Heavy Ball,Ghost,NO
1995,Repeat Ball,Dark,NO
1996,Great Ball,Fighting,NO
1997,Lure Ball,Fire,NO
1998,Premier Ball,Water,NO
1999,Safari Ball,Poison,YES
2000,Poke Ball,Water,NO
2001,Safari Ball,Grass,YES
2002,Heavy Ball,Water,YES
2003,Safari Ball,Normal,NO
2004,Safari Ball,Flying,NO
2005,Great Ball,Fairy,NO
2006,Moon Ball,Fairy,YES
2007,Master Ball,Steel,YES
2008,Moon Ball,Flying,NO
2009,Level Ball,Fairy,YES
2010,Repeat Ball,Grass,YES
2011,Poke Ball,Water,YES
2012,Level Ball,Ghost,NO
2013,Master Ball,Ground,NO
2014,Great Ball,Flying,YES
2015,Great Ball,Dark,NO
2016,Friend Ball,Ghost,NO
2017,Moon Ball,Ice,NO
2018,Master Ball,Normal,NO
2019,Premier Ball,Grass,NO
2020,Moon Ball,Fire,NO
2021,Fast Ball,Dragon,NO
2022,Repeat Ball,Psychic,NO
2023,Friend Ball,Rock,YES
2024,Repeat Ball,Rock,YES
2025,Sport Ball,Normal,YES
2026,Premier Ball,Fire,YES
2027,Great Ball,Dark,YES
2028,Level Ball,Fighting,NO
2029,Great Ball,Fire,YES
2030,Level Ball,Dark,YES
2031,Premier Ball,Ghost,NO
2032,Safari Ball,Dragon,YES
2033,Master Ball,Poison,YES
2034,Master Ball,Poison,YES
2035,Fast Ball,Poison,NO
2036,Safari Ball,Ghost,YES
2037,Master Ball,Fighting,YES
2038,Sport Ball,Dark,NO
2039,Level Ball,Bug,YES
2040,Repeat Ball,Normal,YES
2041,Repeat Ball,Fighting,YES
2042,Love Ball,Normal,NO
2043,Repeat Ball,Flying,NO
2044,Poke Ball,Rock,YES
2045,Ultra Ball,Electric,YES
2046,Poke Ball,Flying,NO
2047,Great Ball,Ghost,NO
2048,Lure Ball,Normal,NO
2049,Level Ball,Fighting,NO
2050,Great Ball,Grass,YES
2051,Moon Ball,Psychic,NO
2052,Repeat Ball,Normal,NO
2053,Moon Ball,Psychic,NO
2054,Heavy Ball,Steel,YES
2055,Premier Ball,Ice,NO
2056,Sport Ball,Grass,YES
2057,Repeat Ball,Steel,NO
2058,Heavy Ball,Water,YES
2059,Safari Ball,Ground,NO
2060,Sport Ball,Ground,NO
2061,Lure Ball,Bug,NO
2062,Moon Ball,Ice,YES
2063,Love Ball,Fire,YES
2064,Lure Ball,Fire,NO
2065,Love Ball,Water,YES
2066,Lure Ball,Flying,YES
2067,Premier Ball,Fairy,YES
2068,Friend Ball,Fairy,YES
2069,Premier Ball,Fairy,YES
2070,Level Ball,Water,YES
2071,Friend Ball,Water,NO
2072,Safari Ball,Electric,NO
2073,Love Ball,Electric,YES
2074,Sport Ball,Electric,NO
2075,Heavy Ball,Normal,NO
2076,Premier Ball,Rock,NO
2077,Premier Ball,Fighting,YES
2078,Ultra Ball,Psychic,YES
2079,Love Ball,Electric,NO
2080,Sport Ball,Electric,YES
2081,Fast Ball,Dark,YES
2082,Great Ball,Flying,NO
2083,Level Ball,Flying,NO
2084,Safari Ball,Dark,NO
2085,Heavy Ball,Rock,YES
2086,Love Ball,Rock,NO
2087,Love Ball,Ground,NO
2088,Premier Ball,Fire,NO
2089,Friend Ball,Psychic,YES
2090,Premier Ball,Bug,NO
2091,Love Ball,Rock,YES
2092,Love Ball,Water,YES
2093,Moon Ball,Psychic,NO
2094,Premier Ball,Flying,YES
2095,Repeat Ball,Dragon,NO
2096,Heavy Ball,Water,NO
2097,Sport Ball,Fairy,YES
2098,Ultra Ball,Psychic,NO
2099,Lure Ball,Fairy,YES
2100,Heavy Ball,Fighting,NO
2101,Premier Ball,Fire,YES
2102,Safari Ball,Ghost,YES
2103,Moon Ball,Psychic,NO
2104,Repeat Ball,Ghost,NO
2105,Repeat Ball,Ghost,NO
2106,Love Ball,Grass,NO
2107,Repeat Ball,Electric,YES
2108,Ultra Ball,Ice,YES
2109,Level Ball,Fighting,NO
2110,Premier Ball,Water,NO
2111,Level Ball,Dark,NO
2112,Poke Ball,Normal,YES
2113,Premier Ball,Psychic,YES
2114,Master Ball,Dragon,NO
2115,Heavy Ball,Grass,NO
2116,Great Ball,Steel,YES
2117,Great Ball,Steel,NO
2118,Friend Ball,Normal,YES
2119,Fast Ball,Bug,YES
2120,Great Ball,Dragon,NO
2121,Poke Ball,Dragon,YES
2122,Lure Ball,Ghost,YES
2123,Lure Ball,Dark,NO
2124,Premier Ball,Normal,NO
2125,Love Ball,Ground,NO
2126,Love Ball,Water,YES
2127,Repeat Ball,Dragon,YES
2128,Moon Ball,Steel,YES
2129,Master Ball,Dragon,NO
2130,Sport Ball,Water,NO
2131,Poke Ball,Psychic,YES
2132,Lure Ball,Flying,YES
2133,Great Ball,Fairy,NO
2134,Level Ball,Rock,NO
2135,Poke Ball,Steel,NO
2136,Safari Ball,Poison,NO
2137,Safari Ball,Normal,NO
2138,Premier Ball,Psychic,YES
2139,Friend Ball,Steel,YES
2140,Moon Ball,Poison,NO
2141,Ultra Ball,Psychic,NO
2142,Safari Ball,Rock,NO
2143,Love Ball,Normal,NO
2144,Ultra Ball,Ice,NO
2145,Great Ball,Flying,YES
2146,Great Ball,Rock,NO
2147,Great Ball,Ice,YES
2148,Fast Ball,Ground,NO
2149,Premier Ball,Psychic,YES
2150,Heavy Ball,Dragon,NO
2151,Fast Ball,Water,NO
2152,Ultra Ball,Fire,YES
2153,Heavy Ball,Rock,YES
2154,Great Ball,Rock,YES
2155,Repeat Ball,Ice,YES
2156,Friend Ball,Flying,NO
2157,Moon Ball,Water,NO
2158,Moon Ball,Steel,NO
2159,Sport Ball,Ghost,YES
2160,Fast Ball,Steel,NO
2161,Poke Ball,Dark,NO
2162,Lure Ball,Water,YES
2163,Safari Ball,Ice,NO
2164,Friend Ball,Fairy,NO
2165,Poke Ball,Ice,NO
2166,Heavy Ball,Rock,YES
2167,Sport Ball,Fighting,YES
2168,Safari Ball,Water,YES
2169,Poke Ball,Electric,NO
2170,Friend Ball,Ground,NO
2171,Master Ball,Psychic,NO
2172,Level Ball,Electric,YES
2173,Lure Ball,Dark,YES
2174,Moon Ball,Normal,YES
2175,Premier Ball,Fairy,YES
2176,Safari Ball,Fairy,YES
2177,Love Ball,Fire,NO
2178,Poke Ball,Water,YES
2179,Repeat Ball,Ice,YES
2180,Friend Ball,Poison,NO
2181,Safari Ball,Dragon,NO
2182,Great Ball,Rock,NO
2183,Poke Ball,Electric,NO
2184,Fast Ball,Poison,YES
2185,Ultra Ball,Ground,YES
2186,Lure Ball,Fire,NO
2187,Repeat Ball,Ice,NO
2188,Ultra Ball,Water,YES
2189,Fast Ball,Electric,YES
2190,Master Ball,Poison,NO
2191,Lure Ball,Electric,YES
2192,Moon Ball,Water,NO
2193,Fast Ball,Ice,NO
2194,Repeat Ball,Flying,NO
2195,Lure Ball,Fire,YES
2196,Friend Ball,Poison,NO
2197,Poke Ball,Dragon,NO
2198,Love Ball,Psychic,YES
2199,Love Ball,Steel,YES
2200,Great Ball,Dragon,NO
2201,Ultra Ball,Flying,NO
2202,Master Ball,Bug,YES
2203,Poke Ball,Ground,YES
2204,Safari Ball,Normal,NO
2205,Friend Ball,Ghost,YES
2206,Heavy Ball,Dark,NO
2207,Poke Ball,Poison,NO
2208,Ultra Ball,Ice,YES
2209,Lure Ball,Grass,NO
2210,Fast Ball,Water,YES
2211,Premier Ball,Grass,NO
2212,Safari Ball,Bug,YES
2213,Poke Ball,Psychic,NO
2214,Premier Ball,Bug,NO
2215,Great Ball,Normal,YES
2216,Master Ball,Ice,YES
2217,Safari Ball,Ground,YES
2218,Heavy Ball,Dark,NO
2219,Love Ball,Bug,NO
2220,Great Ball,Dark,YES
2221,Premier Ball,Ice,NO
2222,Moon Ball,Electric,YES
2223,Love Ball,Fairy,NO
2224,Master Ball,Ghost,NO
2225,Safari Ball,Grass,YES
2226,Love Ball,Fairy,NO
2227,Master Ball,Ice,NO
2228,Moon Ball,Poison,NO
2229,Friend Ball,Poison,NO
2230,Fast Ball,Fire,YES
2231,Safari Ball,Bug,NO
2232,Moon Ball,Steel,NO
2233,Great Ball,Steel,NO
2234,Master Ball,Flying,NO
2235,Poke Ball,Flying,YES
2236,Repeat Ball,Ghost,NO
2237,Level Ball,Psychic,YES
2238,Heavy Ball,Fire,NO
2239,Love Ball,Fire,NO
2240,Level Ball,Fighting,NO
2241,Heavy Ball,Dark,NO
2242,Level Ball,Ground,NO
2243,Poke Ball,Water,NO
2244,Ultra Ball,Flying,YES
2245,Moon Ball,Fighting,NO
2246,Poke Ball,Water,NO
2247,Ultra Ball,Ghost,YES
2248,Repeat Ball,Fire,NO
2249,Premier Ball,Poison,YES
2250,Repeat Ball,Ghost,YES
2251,Love Ball,Ghost,NO
2252,Poke Ball,Rock,NO
2253,Lure Ball,Poison,YES
2254,Safari Ball,Bug,NO
2255,Master Ball,Fighting,YES
2256,Premier Ball,Flying,NO
2257,Moon Ball,Bug,NO
2258,Lure Ball,Fighting,NO
2259,Sport Ball,Water,NO
2260,Master Ball,Fire,YES
2261,Heavy Ball,Psychic,NO
2262,Safari Ball,Dragon,NO
2263,Heavy Ball,Grass,YES
2264,Friend Ball,Electric,NO
2265,Repeat Ball,Fire,YES
2266,Sport Ball,Steel,NO
2267,Friend Ball,Ghost,NO
2268,Lure Ball,Ground,YES
2269,Great Ball,Water,NO
2270,Heavy Ball,Poison,NO
2271,Repeat Ball,Psychic,YES
2272,Heavy Ball,Electric,YES
2273,Sport Ball,Ground,NO
2274,Premier Ball,Dark,NO
2275,Great Ball,Dark,YES
2276,Love Ball,Dragon,NO
2277,Love Ball,Water,YES
2278,Repeat Ball,Ground,YES
2279,Great Ball,Ice,NO
2280,Love Ball,Fighting,YES
2281,Safari Ball,Ground,YES
2282,Sport Ball,Rock,YES
2283,Great Ball,Steel,YES
2284,Friend Ball,Ice,YES
2285,Premier Ball,Poison,YES
2286,Lure Ball,Ghost,NO
2287,Lure Ball,Ice,NO
2288,Level Ball,Electric,NO
2289,Great Ball,Ice,NO
2290,Premier Ball,Fairy,YES
2291,Level Ball,Fairy,NO
2292,Moon Ball,Flying,NO
2293,Heavy Ball,Ice,YES
2294,Great Ball,Poison,NO
2295,Sport Ball,Steel,YES
2296,Love Ball,Electric,YES
2297,Premier Ball,Dark,NO
2298,Repeat Ball,Dark,YES
2299,Sport Ball,Dragon,NO
2300,Sport Ball,Ground,NO
2301,Master Ball,Ice,YES
2302,Heavy Ball,Fighting,YES
2303,Level Ball,Bug,YES
2304,Great Ball,Psychic,NO
2305,Friend Ball,Ice,YES
2306,Great Ball,Bug,YES
2307,Poke Ball,Fire,NO
2308,Level Ball,Ground,YES
2309,Repeat Ball,Flying,NO
2310,Ultra Ball,Bug,YES
2311,Heavy Ball,Grass,YES
2312,Great Ball,Ground,YES
2313,Fast Ball,Fairy,YES
2314,Lure Ball,Normal,YES
2315,Ultra Ball,Dark,YES
2316,Master Ball,Flying,YES
2317,Great Ball,Ghost,YES
2318,Level Ball,Fighting,YES
2319,Poke Ball,Psychic,NO
2320,Poke Ball,Bug,YES
2321,Heavy Ball,Fairy,NO
2322,Great Ball,Fire,YES
2323,Premier Ball,Ground,NO
2324,Sport Ball,Ghost,NO
2325,Love Ball,Fighting,YES
2326,Lure Ball,Water,YES
2327,Sport Ball,Steel,YES
2328,Safari Ball,Ground,NO
2329,Friend Ball,Rock,NO
2330,Premier Ball,Ghost,NO
2331,Great Ball,Psychic,NO
2332,Moon Ball,Dark,YES
2333,Level Ball,Electric,YES
2334,Safari Ball,Grass,NO
2335,Moon Ball,Ground,YES
2336,Lure Ball,Psychic,NO
2337,Moon Ball,Fire,NO
2338,Ultra Ball,Fairy,YES
2339,Premier Ball,Dragon,YES
2340,Master Ball,Dragon,YES
2341,Heavy Ball,Ground,YES
2342,Friend Ball,Bug,YES
2343,Heavy Ball,Poison,YES
2344,Premier Ball,Water,YES
2345,Fast Ball,Dragon,YES
2346,Friend Ball,Fighting,YES
2347,Friend Ball,Ground,YES
2348,Lure Ball,Electric,NO
2349,Lure Ball,Psychic,YES
2350,Master Ball,Fighting,NO
2351,Premier Ball,Bug,NO
2352,Repeat Ball,Ghost,NO
2353,Heavy Ball,Fire,NO
2354,Lure Ball,Poison,YES
2355,Premier Ball,Ghost,YES
2356,Friend Ball,Ghost,YES
2357,Repeat Ball,Bug,NO
2358,Fast Ball,Fighting,NO
2359,Safari Ball,Electric,YES
2360,Premier Ball,Bug,YES
2361,Repeat Ball,Rock,NO
2362,Lure Ball,Fairy,NO
2363,Fast Ball,Flying,NO
2364,Safari Ball,Grass,NO
2365,Master Ball,Ghost,NO
2366,Lure Ball,Rock,NO
2367,Heavy Ball,Rock,NO
2368,Sport Ball,Ground,YES
2369,Heavy Ball,Ghost,NO
2370,Heavy Ball,Fairy,YES
2371,Love Ball,Fairy,NO
2372,Ultra Ball,Dragon,YES
2373,Friend Ball,Normal,YES
2374,Friend Ball,Steel,YES
2375,Lure Ball,Ice,NO
2376,Friend Ball,Normal,YES
2377,Great Ball,Rock,YES
2378,Great Ball,Fairy,YES
2379,Heavy Ball,Bug,YES
2380,Heavy Ball,Bug,YES
2381,Poke Ball,Rock,NO
2382,Repeat Ball,Fighting,YES
2383,Repeat Ball,Electric,NO
2384,Premier Ball,Dark,NO
2385,Repeat Ball,Grass,NO
2386,Master Ball,Fighting,NO
2387,Lure Ball,Grass,NO
2388,Repeat Ball,Dragon,NO
2389,Safari Ball,Ground,YES
2390,Moon Ball,Ground,NO
2391,Sport Ball,Fighting,YES
2392,Love Ball,Normal,YES
2393,Safari Ball,Fighting,YES
2394,Moon Ball,Ice,YES
2395,Sport Ball,Normal,NO
2396,Fast Ball,Grass,NO
2397,Heavy Ball,Rock,YES
2398,Fast Ball,Electric,NO
2399,Lure Ball,Electric,NO
2400,Safari Ball,Flying,YES
